{"cameraMode":{"drawMode":0,"name":"Shaded","section":"Shading Mode"},"sceneLighting":false,"audioPlay":false,"sceneViewState":{"showFog":true,"showMaterialUpdate":false,"showSkybox":true,"showFlares":true,"showImageEffects":true,"showParticleSystems":true},"in2DMode":false,"pivot":{"x":-0.37958428263664248,"y":3.394390821456909,"z":-8.99057674407959},"rotation":{"x":-0.3378482162952423,"y":-0.3684348165988922,"z":0.14580003917217256,"w":-0.853731095790863},"size":0.2229141741991043,"orthographic":false}