{"cameraMode":{"drawMode":0,"name":"Shaded","section":"Shading Mode"},"sceneLighting":false,"audioPlay":false,"sceneViewState":{"showFog":true,"showMaterialUpdate":false,"showSkybox":true,"showFlares":true,"showImageEffects":true,"showParticleSystems":true},"in2DMode":false,"pivot":{"x":-0.09199297428131104,"y":0.21790599822998048,"z":0.5839444398880005},"rotation":{"x":0.20866520702838899,"y":-0.33251598477363589,"z":0.07569590210914612,"w":0.9166035652160645},"size":2.8578836917877199,"orthographic":false}