{"cameraMode":{"drawMode":0,"name":"Shaded","section":"Shading Mode"},"sceneLighting":false,"audioPlay":false,"sceneViewState":{"showFog":true,"showMaterialUpdate":false,"showSkybox":true,"showFlares":true,"showImageEffects":true,"showParticleSystems":true},"in2DMode":false,"pivot":{"x":-0.24366435408592225,"y":0.03934340178966522,"z":0.5043761134147644},"rotation":{"x":0.158311128616333,"y":-0.2373970001935959,"z":0.03924493119120598,"w":0.9576221108436585},"size":0.2857884168624878,"orthographic":false}