{"cameraMode":{"drawMode":0,"name":"Shaded","section":"Shading Mode"},"sceneLighting":false,"audioPlay":false,"sceneViewState":{"showFog":true,"showMaterialUpdate":false,"showSkybox":true,"showFlares":true,"showImageEffects":true,"showParticleSystems":true},"in2DMode":false,"pivot":{"x":0.3144700527191162,"y":-0.13111864030361176,"z":0.6069343090057373},"rotation":{"x":0.18515804409980775,"y":-0.1758263111114502,"z":0.033693600445985797,"w":0.9662641882896423},"size":0.36374926567077639,"orthographic":false}