{"cameraMode":{"drawMode":0,"name":"Shaded","section":"Shading Mode"},"sceneLighting":false,"audioPlay":false,"sceneViewState":{"showFog":true,"showMaterialUpdate":false,"showSkybox":true,"showFlares":true,"showImageEffects":true,"showParticleSystems":true},"in2DMode":false,"pivot":{"x":-0.0005499981343746185,"y":-0.10476715862751007,"z":-0.14635521173477174},"rotation":{"x":-0.14468203485012055,"y":0.6654679179191589,"z":-0.133732870221138,"w":-0.7199550271034241},"size":0.5235334038734436,"orthographic":false}