{"cameraMode":{"drawMode":0,"name":"Shaded","section":"Shading Mode"},"sceneLighting":false,"audioPlay":false,"sceneViewState":{"showFog":true,"showMaterialUpdate":false,"showSkybox":true,"showFlares":true,"showImageEffects":true,"showParticleSystems":true},"in2DMode":false,"pivot":{"x":0.0012999996542930604,"y":-0.20000000298023225,"z":0.5239999890327454},"rotation":{"x":-0.32430189847946169,"y":0.016163771972060205,"z":-0.005543527193367481,"w":-0.9457993507385254},"size":0.4286825954914093,"orthographic":false}